dr.hassan@gmail.com,12,Hassan,Sheikh,45,M
dr.amina@gmail.com,pass456,Amina,Rahim,38,F
dr.talha@gmail.com,talha2024,Talha,Mirza,42,M
dr.fareeha@gmail.com,doc789,Fareeha,Hashmi,36,F
dr.kamran@gmail.com,kamran123,Kamran,Zafar,50,M
dr.maha@gmail.com,maha456,Maha,Iqbal,37,F
dr.saif@gmail.com,saifDoc,Saif,Bukhari,39,M
dr.hina@gmail.com,hinaDr,Hina,Saleem,35,F
dr.omer@gmail.com,omer789,Omer,Nasir,41,M
dr.zoya@gmail.com,zoya@dr,Zoya,Khalil,33,F
dr.sajid@gmail.com,sajidDr,Sajid,Latif,47,M
dr.nargis@gmail.com,nargisDr,Nargis,Yousuf,40,F
